<?xml version="1.0" ?>
<config xmlns:xsi="http://www.w3.org/2001/XMLSchema-instance"
        xsi:noNamespaceSchemaLocation="urn:magento:module:Magento_Config:etc/system_file.xsd">
    <system>
        <section id="custom_theme" sortOrder="10" showInWebsite="1" showInStore="1" showInDefault="1" translate="label">
            <label>Custom Theme Settings</label>
            <tab>otc</tab>
            <resource>OTC_CustomSettings::config_otc_customsettings</resource>
            <group id="general" sortOrder="10" showInWebsite="1" showInStore="1" showInDefault="1" translate="label">
                <label>General</label>
                <field id="page_title_color" translate="label" type="text" sortOrder="70" showInDefault="1"
                       showInWebsite="1" showInStore="1">
                    <label>Page Title Color</label>
                    <frontend_class>sp-ss-colorpicker</frontend_class>
                </field>
                <field id="header_max_width" type="text" sortOrder="10" showInWebsite="1" showInStore="1"
                       showInDefault="1" translate="label">
                    <label>Header Max Width</label>
                    <comment>Leave blank to inherit full width settings</comment>
                </field>
                <field id="enable_layer_nav" type="select" sortOrder="10" showInWebsite="1" showInStore="1"
                       showInDefault="1" translate="label">
                    <label>Enable Layered Navigation in PLP and Search Result</label>
                    <frontend_class>on-off-trigger</frontend_class>
                    <comment/>
                    <source_model>Magento\Config\Model\Config\Source\Yesno</source_model>
                </field>
                <field id="enable_header_search" type="select" sortOrder="10" showInWebsite="1" showInStore="1"
                       showInDefault="1" translate="label">
                    <label>Enable Search Box in Header</label>
                    <frontend_class>on-off-trigger</frontend_class>
                    <comment/>
                    <source_model>Magento\Config\Model\Config\Source\Yesno</source_model>
                </field>
                <field id="add_to_cart_disable" type="select" sortOrder="10" showInWebsite="1" showInStore="1"
                       showInDefault="1" translate="label">
                    <label>Add to cart Disable</label>
                    <frontend_class>on-off-trigger</frontend_class>
                    <comment/>
                    <source_model>Magento\Config\Model\Config\Source\Yesno</source_model>
                </field>
                <field id="product_list_custom_btn_enable" type="select" sortOrder="11" showInWebsite="1" showInStore="1"
                       showInDefault="1" translate="label">
                    <label>Product List Custom Button Enable</label>
                    <frontend_class>on-off-trigger</frontend_class>
                    <comment>Enable the View Product Button on Product List Page and disable the existing buttons</comment>
                    <source_model>Magento\Config\Model\Config\Source\Yesno</source_model>
                </field>
            </group>
            <group id="settings" sortOrder="10" showInWebsite="1" showInStore="1" showInDefault="1" translate="label">
                <label>Cart Page</label>
                <field id="hide_shipment_estimation" type="select" sortOrder="10" showInWebsite="1" showInStore="1"
                       showInDefault="1" translate="label">
                    <label>Hide Shipment Estimatinon</label>
                    <frontend_class>on-off-trigger</frontend_class>
                    <comment/>
                    <source_model>Magento\Config\Model\Config\Source\Yesno</source_model>
                </field>
                <field id="hide_cart_items_header" type="select" sortOrder="10" showInWebsite="1" showInStore="1"
                       showInDefault="1" translate="label">
                    <label>Hide Cart Items Header</label>
                    <frontend_class>on-off-trigger</frontend_class>
                    <comment/>
                    <source_model>Magento\Config\Model\Config\Source\Yesno</source_model>
                </field>
                <field id="cart_title" type="text" sortOrder="10" showInWebsite="1" showInStore="1" showInDefault="1"
                       translate="label">
                    <label>Cart Page Title</label>
                    <comment/>
                </field>
                <field id="cart_title_font_size" type="text" sortOrder="10" showInWebsite="1" showInStore="1"
                       showInDefault="1" translate="label">
                    <label>Cart Page Font Size</label>
                    <validate>validate-digits validate-zero-or-greater</validate>
                    <comment/>
                </field>
                <field id="cart_title_font_weight" type="text" sortOrder="10" showInWebsite="1" showInStore="1"
                       showInDefault="1" translate="label">
                    <label>Cart Page Font Weight</label>
                    <validate>validate-digits validate-zero-or-greater</validate>
                    <comment/>
                </field>
                <field id="cart_summary_title" type="text" sortOrder="10" showInWebsite="1" showInStore="1"
                       showInDefault="1" translate="label">
                    <label>Cart Summary Title</label>
                    <comment/>
                </field>
                <field id="checkout_button_text" type="text" sortOrder="10" showInWebsite="1" showInStore="1"
                       showInDefault="1" translate="label">
                    <label>Checkout Button Text</label>
                    <comment/>
                </field>

                <field id="qty_minus_text_color" translate="label" type="text" sortOrder="70" showInDefault="1"
                       showInWebsite="1" showInStore="1">
                    <label>Qty Minus Text Color</label>
                    <frontend_class>sp-ss-colorpicker</frontend_class>
                </field>
                <field id="qty_minus_bg_color" translate="label" type="text" sortOrder="70" showInDefault="1"
                       showInWebsite="1" showInStore="1">
                    <label>Qty Minus BG Color</label>
                    <frontend_class>sp-ss-colorpicker</frontend_class>
                </field>
                <field id="qty_minus_border_color" translate="label" type="text" sortOrder="70" showInDefault="1"
                       showInWebsite="1" showInStore="1">
                    <label>Qty Minus Border Color</label>
                    <frontend_class>sp-ss-colorpicker</frontend_class>
                </field>

                <field id="qty_plus_text_color" translate="label" type="text" sortOrder="70" showInDefault="1"
                       showInWebsite="1" showInStore="1">
                    <label>Qty Plus Text Color</label>
                    <frontend_class>sp-ss-colorpicker</frontend_class>
                </field>
                <field id="qty_plus_bg_color" translate="label" type="text" sortOrder="70" showInDefault="1"
                       showInWebsite="1" showInStore="1">
                    <label>Qty Plus BG Color</label>
                    <frontend_class>sp-ss-colorpicker</frontend_class>
                </field>
                <field id="qty_plus_border_color" translate="label" type="text" sortOrder="70" showInDefault="1"
                       showInWebsite="1" showInStore="1">
                    <label>Qty Plus Border Color</label>
                    <frontend_class>sp-ss-colorpicker</frontend_class>
                </field>
                <field id="qty_plus_active_bg" translate="label" type="text" sortOrder="71" showInDefault="1"
                       showInWebsite="1" showInStore="1">
                    <label>Qty Plus Active BG Color</label>
                    <frontend_class>sp-ss-colorpicker</frontend_class>
                </field>
                <field id="qty_minus_active_bg" translate="label" type="text" sortOrder="72" showInDefault="1"
                       showInWebsite="1" showInStore="1">
                    <label>Qty Minus Active BG Color</label>
                    <frontend_class>sp-ss-colorpicker</frontend_class>
                </field>
            </group>
            <group id="theme_settings" translate="label" type="text" sortOrder="10" showInDefault="1" showInWebsite="1"
                   showInStore="1">
                <label>Theme Colors and Styles</label>

                <field id="color_options" translate="label" type="select" sortOrder="60" showInDefault="1"
                       showInWebsite="1" showInStore="1">
                    <label>Selectors and Colors</label>
                    <backend_model>Magento\Config\Model\Config\Backend\Serialized\ArraySerialized</backend_model>
                    <frontend_model>OTC\CustomSettings\Block\Adminhtml\Form\Field\ColorOptions</frontend_model>
                    <comment>example: body { color:#fff; } body => selector, #fff => color of body text</comment>
                </field>

                <field id="bg_color_options" translate="label" type="select" sortOrder="60" showInDefault="1"
                       showInWebsite="1" showInStore="1">
                    <label>Selectors and Background Colors</label>
                    <backend_model>Magento\Config\Model\Config\Backend\Serialized\ArraySerialized</backend_model>
                    <frontend_model>OTC\CustomSettings\Block\Adminhtml\Form\Field\ColorOptions</frontend_model>
                    <comment>example: body { background-color:#fff; } body => selector, #fff => color of body
                        background
                    </comment>
                </field>

                <field id="style_options" translate="label" type="select" sortOrder="60" showInDefault="1"
                       showInWebsite="1" showInStore="1">
                    <label>Selectors and Styles</label>
                    <backend_model>Magento\Config\Model\Config\Backend\Serialized\ArraySerialized</backend_model>
                    <frontend_model>OTC\CustomSettings\Block\Adminhtml\Form\Field\StyleOptions</frontend_model>
                    <comment>example: body { font-size:18px } body => selector, font-size:18px; => Styles of body
                    </comment>
                </field>
            </group>
        </section>
    </system>
</config>
