<?xml version="1.0" ?>
<config xmlns:xsi="http://www.w3.org/2001/XMLSchema-instance"
        xsi:noNamespaceSchemaLocation="urn:magento:framework:Acl/etc/acl.xsd">
    <acl>
        <resources>
            <resource id="Magento_Backend::admin">
                <resource id="OTC_Ecomm::OTC_Ecomm" sortOrder="10" title="Ecomm">
                    <resource id="OTC_Ecomm::theme_settings" sortOrder="10" title="Theme Settings"/>
                    <resource id="OTC_Ecomm::theme_design" sortOrder="20" title="Theme Design"/>
                </resource>
            </resource>
        </resources>
    </acl>
</config>
