<schema xmlns:xsi="http://www.w3.org/2001/XMLSchema-instance"
        xsi:noNamespaceSchemaLocation="urn:magento:framework:Setup/Declaration/Schema/etc/schema.xsd">
    <table name="otc_ecommslideshow_slides">
        <column xsi:type="int" name="id" unsigned="true" nullable="false" identity="true" comment="Slide Id"/>
        <column xsi:type="varchar" name="store_id" nullable="false" comment="StorE ID" length="255"/>
        <column xsi:type="varchar" name="image" nullable="false" comment="image" length="255"/>
        <column xsi:type="varchar" name="title_color" nullable="false" length="255" comment="title color"/>
        <column xsi:type="varchar" name="title_bg" nullable="false" length="255" comment="title bg"/>
        <column xsi:type="text" name="title" nullable="false" comment="title"/>
        <column xsi:type="varchar" name="link_color" nullable="false" length="255" comment="link color"/>
        <column xsi:type="varchar" name="link_bg" nullable="false" length="255" comment="link bg"/>
        <column xsi:type="varchar" name="link_hover_color" nullable="false" length="255" comment="link bg"/>
        <column xsi:type="varchar" name="link_hover_bg" nullable="false" length="255" comment="link bg"/>
        <column xsi:type="varchar" name="link_text" nullable="false" length="255" comment="link text"/>
        <column xsi:type="varchar" name="link_href" nullable="false" length="255" comment="link_ href"/>
        <column xsi:type="varchar" name="banner_1_img" nullable="false" length="255" comment="banner_1_img"/>
        <column xsi:type="varchar" name="banner_1_imgX2" nullable="false" length="255" comment="banner_1_imgX2"/>
        <column xsi:type="varchar" name="banner_1_href" nullable="false" length="255" comment="banner_1_href"/>
        <column xsi:type="varchar" name="banner_2_img" nullable="false" length="255" comment="banner_2_img"/>
        <column xsi:type="varchar" name="banner_2_imgX2" nullable="false" length="255" comment="banner_2_imgX2"/>
        <column xsi:type="varchar" name="banner_2_href" nullable="false" length="255" comment="banner_2_href"/>
        <column xsi:type="smallint" name="status" nullable="false" default="0" comment="status" padding="6"/>
        <column xsi:type="smallint" name="sort_order" nullable="false" default="0" comment="sort order" padding="6"/>
        <column xsi:type="datetime" name="created_time" nullable="true" comment="Created At"
                default="CURRENT_TIMESTAMP" on_update="false"/>
        <column xsi:type="datetime" name="update_time" nullable="true" comment="Updated At" default="CURRENT_TIMESTAMP"
                on_update="true"/>
        <constraint xsi:type="primary" referenceId="PRIMARY">
            <column name="id"/>
        </constraint>
    </table>
</schema>
