<?xml version="1.0"?>
<view xmlns:xsi="http://www.w3.org/2001/XMLSchema-instance" xsi:noNamespaceSchemaLocation="urn:magento:framework:Config/etc/view.xsd">
    <media>
        <images module="Magento_Catalog">
            <image id="mini_cart_product_thumbnail" type="thumbnail">
                <width>96</width>
                <height>96</height>
            </image>
            <image id="bundled_product_customization_page" type="thumbnail">
                <width>140</width>
                <height>140</height>
            </image>
            <image id="category_page_grid" type="small_image">
                <width>240</width>
                <height>240</height>
            </image>
            <image id="category_page_list" type="small_image">
                <width>436</width>
                <height>291</height>
            </image>
            <image id="category_page_list_hover" type="img_hover">
                <width>436</width>
                <height>291</height>
            </image>
            <image id="category_page_grid_hover" type="img_hover">
                <width>240</width>
                <height>240</height>
            </image>
            <image id="related_products_list" type="small_image">
                <width>240</width>
                <height>240</height>
            </image>
            <image id="upsell_products_list" type="small_image">
                <width>240</width>
                <height>240</height>
            </image>
            <image id="cart_page_product_thumbnail" type="small_image">
                <width>100</width>
                <height>100</height>
            </image>
            <image id="cart_cross_sell_products" type="small_image">
                <width>240</width>
                <height>240</height>
            </image>
            <image id="product_swatch_image_large" type="image"/>
            <image id="product_swatch_image_medium" type="image">
                <width>240</width>
                <height>240</height>
            </image>
             <image id="swatch_image" type="swatch_image">
                 <width>50</width>
                 <height>50</height>
             </image>
            <image id="wishlist_thumbnail" type="small_image">
                <width>240</width>
                <height>240</height>
            </image>
            <image id="recently_viewed_products_grid_content_widget" type="small_image">
                <width>240</width>
                <height>240</height>
            </image>
            <image id="recently_compared_products_grid_content_widget" type="small_image">
                <width>240</width>
                <height>240</height>
            </image>
            <image id="new_products_content_widget_grid" type="small_image">
                <width>240</width>
                <height>240</height>
            </image>

            <image id="recently_compared_products_images_names_widget" type="thumbnail">
                <width>75</width>
                <height>75</height>
            </image>
            <image id="recently_viewed_products_images_names_widget" type="small_image">
                <width>75</width>
                <height>75</height>
            </image>
            <image id="side_column_widget_product_thumbnail" type="thumbnail">
                <width>75</width>
                <height>75</height>
            </image>
            <image id="wishlist_sidebar_block" type="thumbnail">
                <width>75</width>
                <height>75</height>
            </image>
        </images>
    </media>
    <vars module="Magento_Catalog">
        <var name="gallery">
            <var name="caption">false</var> <!-- Display alt text as image title (true/false) -->
            <var name="fullscreen">
                <var name="arrows">true</var>
                <var name="caption">false</var> <!-- Display alt text as image title (true/false) -->
            </var>
        </var>
        <var name="breakpoints">
            <var name="mobile">
                <var name="conditions">
                    <var name="max-width">767px</var>
                </var>
                <var name="options">
                    <var name="options">
                        <var name="nav">dots</var>
                    </var>
                </var>
            </var>
        </var>
    </vars>
    <exclude>
        <item type="file">Lib::chartjs/Chart.min.js</item>
        <item type="file">Lib::chartjs/chartjs-adapter-moment.js</item>
        <item type="file">Lib::jquery/jquery.min.js</item>
        <item type="file">Lib::jquery/jquery-ui-1.9.2.js</item>
        <item type="file">Lib::jquery/colorpicker/js/colorpicker.js</item>
        <item type="file">Lib::requirejs/require.js</item>
        <item type="file">Lib::requirejs/text.js</item>
        <item type="file">Lib::legacy-build.min.js</item>
        <item type="file">Lib::mage/captcha.js</item>
        <item type="file">Lib::mage/dropdown_old.js</item>
        <item type="file">Lib::mage/list.js</item>
        <item type="file">Lib::mage/loader_old.js</item>
        <item type="file">Lib::mage/requirejs/mixins.js</item>
        <item type="file">Lib::mage/requirejs/static.js</item>
        <item type="file">Magento_Customer::js/zxcvbn.js</item>
        <item type="file">Magento_Ui::js/lib/step-wizard.js</item>
        <item type="file">Magento_Ui::js/form/element/ui-select.js</item>
        <item type="file">Magento_Ui::js/form/element/file-uploader.js</item>
        <item type="file">Magento_Ui::js/form/components/insert.js</item>
        <item type="file">Magento_Ui::js/form/components/insert-listing.js</item>
        <item type="directory">Magento_Ui::js/timeline</item>
        <item type="directory">Magento_Ui::js/grid</item>
        <item type="directory">Magento_Ui::js/dynamic-rows</item>
        <item type="directory">Magento_Ui::templates/timeline</item>
        <item type="directory">Magento_Ui::templates/grid</item>
        <item type="directory">Magento_Ui::templates/dynamic-rows</item>
        <item type="directory">Magento_Swagger::swagger-ui</item>
        <item type="directory">Lib::tiny_mce</item>
        <item type="directory">Lib::varien</item>
        <item type="directory">Lib::jquery/editableMultiselect</item>
        <item type="directory">Lib::jquery/jstree</item>
        <item type="directory">Lib::jquery/fileUploader</item>
        <item type="directory">Lib::css</item>
        <item type="directory">Lib::lib</item>
        <item type="directory">Lib::extjs</item>
        <item type="directory">Lib::prototype</item>
        <item type="directory">Lib::scriptaculous</item>
        <item type="directory">Lib::less</item>
        <item type="directory">Lib::mage/adminhtml</item>
        <item type="directory">Lib::mage/backend</item>
    </exclude>
</view>
