<?xml version="1.0"?>
	<config xmlns:xsi="http://www.w3.org/2001/XMLSchema-instance" xsi:noNamespaceSchemaLocation="urn:magento:framework:ObjectManager/etc/config.xsd">
	    <type name="Magento\Checkout\Block\Checkout\LayoutProcessor">
		<plugin name="vibe_advanced_checkout_layout_processor" type="Vibe\AdvancedCheckout\Plugin\Block\LayoutProcessor" sortOrder="1"/>
	    </type>
		 <preference for="Magento\Checkout\Block\Onepage\Success" type="Vibe\AdvancedCheckout\Block\Onepage\Success"/>
         <preference for="Magento\Checkout\Block\Onepage\Failure" type="Vibe\AdvancedCheckout\Block\Onepage\Failure"/>
		 <preference for="Magento\Checkout\CustomerData\DefaultItem" type="Vibe\AdvancedCheckout\CustomerData\DefaultItem" />
         <preference for="Magento\Checkout\Controller\Onepage\Success" type="Vibe\AdvancedCheckout\Controller\Onepage\Success"/>
         <preference for="Magento\Checkout\Controller\Onepage\Failure" type="Vibe\AdvancedCheckout\Controller\Onepage\Failure"/>
         <preference for="Magento\Checkout\Controller\Cart\Index" type="Vibe\AdvancedCheckout\Controller\Cart\Index"/>
         <preference for="Magento\Checkout\Controller\Index\Index" type="Vibe\AdvancedCheckout\Controller\Checkout\Index"/>
         <type name="Magento\Sales\Model\Order\Email\Container\OrderIdentity">
            <plugin name="change_is_enable_method" type="Vibe\AdvancedCheckout\Plugin\Sales\Order\Email\Container\OrderIdentityPlugin"/>
         </type>
	</config>
