<?xml version="1.0"?>
<config xmlns:xsi="http://www.w3.org/2001/XMLSchema-instance"
        xsi:noNamespaceSchemaLocation="urn:magento:module:Magento_Config:etc/system_file.xsd">
    <system>
        <section id="ecomm_settings" translate="label" sortOrder="10" showInDefault="1" showInWebsite="1"
                 showInStore="1" >
            <group id="header" translate="label" sortOrder="20" showInDefault="1" showInWebsite="1" showInStore="1">
                <field id="header_mega_menu" translate="label" type="select" sortOrder="1" showInDefault="1"
                       showInWebsite="1" showInStore="1" canRestore="1">
                    <label>Header Mega Menu Block</label>
                    <source_model>Vibe\VibeMegaMenu\Model\Config\Source\Block</source_model>
                </field>
            </group>
        </section>
    </system>
</config>