<?xml version="1.0"?>
<config xmlns:xsi="http://www.w3.org/2001/XMLSchema-instance"
        xsi:noNamespaceSchemaLocation="urn:magento:module:Magento_Config:etc/system_file.xsd">
    <system>
        <section id="order_return" translate="label" sortOrder="10" showInDefault="1" showInWebsite="1"
                 showInStore="1">
            <label>Order Return</label>
            <tab>vibe</tab>
            <resource>Vibe_OrderReturn::Vibe_OrderReturn</resource>
            <group id="general" showInDefault="1" showInStore="1" showInWebsite="1" sortOrder="10" translate="label">
                <label>General Setting</label>
                <field id="email_to" translate="label comment" type="text" sortOrder="1" showInDefault="1" showInWebsite="1" showInStore="1">
                    <label>Send Return Email Copy To</label>
                    <comment>Comma-separated.</comment>
                    <validate>validate-emails</validate>
                </field>
                <field id="identity" translate="label" type="select" sortOrder="1" showInDefault="1" showInWebsite="1" showInStore="1" canRestore="1">
                    <label>New Return Email Sender</label>
                    <source_model>Magento\Config\Model\Config\Source\Email\Identity</source_model>
                </field>

                <field id="customer_template" translate="label comment" type="select" sortOrder="2" showInDefault="1" showInWebsite="1" showInStore="1" canRestore="1">
                    <label>New Return Template for Customer</label>
                    <comment>Email template chosen based on theme fallback when "Default" option is selected.</comment>
                    <source_model>Magento\Config\Model\Config\Source\Email\Template</source_model>
                </field>

                <field id="template" translate="label comment" type="select" sortOrder="2" showInDefault="1" showInWebsite="1" showInStore="1" canRestore="1">
                    <label>New Return Template</label>
                    <comment>Email template chosen based on theme fallback when "Default" option is selected.</comment>
                    <source_model>Magento\Config\Model\Config\Source\Email\Template</source_model>
                </field>
            </group>
        </section>
    </system>
</config>