<?xml version="1.0" ?>
<config xmlns:xsi="http://www.w3.org/2001/XMLSchema-instance"
        xsi:noNamespaceSchemaLocation="urn:magento:framework:Acl/etc/acl.xsd">
    <acl>
        <resources>
            <resource id="Magento_Backend::admin">
                <resource id="OTC_Core::OTC_Core" sortOrder="10" title="OTC">
                    <resource id="OTC_Core::Modules_Update" sortOrder="10" title="Modules Update"/>
                    <resource id="OTC_Core::core_settings" sortOrder="10" title="Core Settings"/>
                </resource>
            </resource>
        </resources>
    </acl>
</config>