<?xml version="1.0"?>
<config xmlns:xsi="http://www.w3.org/2001/XMLSchema-instance"
        xsi:noNamespaceSchemaLocation="urn:magento:framework:ObjectManager/etc/config.xsd">
    <type name="Magento\Checkout\Model\CompositeConfigProvider">
        <arguments>
            <argument name="configProviders" xsi:type="array">
                <item name="cms_block_config_provider" xsi:type="object">Vibe\AdvancedCheckout\Model\ConfigProvider</item>
                <item name="additional_provider" xsi:type="object">Vibe\AdvancedCheckout\Model\AdditionalConfigVars</item>
            </argument>
        </arguments>
    </type>
    <type name="Vibe\AdvancedCheckout\Model\ConfigProvider">
        <arguments>
            <argument name="blockIds" xsi:type="array">
                <item name="checkout_summary_consent_block" xsi:type="string">checkout_summary_consent_block</item>
                <item name="checkout_summary_agree_consent_block" xsi:type="string">checkout_summary_agree_consent_block</item>
            </argument>
        </arguments>
    </type>
</config>