<?xml version="1.0"?>
<schema xmlns:xsi="http://www.w3.org/2001/XMLSchema-instance" xsi:noNamespaceSchemaLocation="urn:magento:framework:Setup/Declaration/Schema/etc/schema.xsd">
  <table name="sales_order" resource="default">
      <column xsi:type="varchar" name="otc_marketing_consent" nullable="true" length="75" comment="name"/>
      <column xsi:type="varchar" name="crm_status" nullable="true" length="75" comment="CRM Status" default="pending"/>
  </table>
    <table name="quote" resource="default">
        <column xsi:type="varchar" name="otc_marketing_consent" nullable="true" length="75" comment="name"/>
    </table>
    <table name="sales_order_grid" resource="default">
        <column xsi:type="varchar" name="otc_marketing_consent" nullable="true" length="75" comment="name"/>
        <column xsi:type="varchar" name="crm_status" nullable="true" length="75" comment="CRM Status" default="pending"/>
    </table>
    <!--<table name="sales_order" resource="default">
        <column xsi:type="varchar" name="crm_status" nullable="true" length="75" comment="CRM Status" default="pending"/>
    </table>
    <table name="sales_order_grid" resource="default">
        <column xsi:type="varchar" name="crm_status" nullable="true" length="75" comment="CRM Status" default="pending"/>
    </table>-->
</schema>
