<?xml version="1.0"?>
<config xmlns:xsi="http://www.w3.org/2001/XMLSchema-instance"
        xsi:noNamespaceSchemaLocation="urn:magento:framework:ObjectManager/etc/config.xsd">
<!--    <type name="Magento\Catalog\Ui\DataProvider\Product\Form\Modifier\Eav">
        <arguments>
            <argument name="attributesToEliminate" xsi:type="array">
                <item name="news_from_date" xsi:type="string">news_from_date</item>
                <item name="news_to_date" xsi:type="string">news_to_date</item>
                <item name="custom_design_from" xsi:type="string">custom_design_from</item>
                <item name="custom_design_to" xsi:type="string">custom_design_to</item>
            </argument>
        </arguments>
    </type> -->
    <virtualType name="Magento\Catalog\Ui\DataProvider\Product\Form\Modifier\Eav">
    <arguments>
        <argument name="attributesToEliminate" xsi:type="array">
            <item name="news_from_date" xsi:type="string">news_from_date</item>
            <item name="news_to_date" xsi:type="string">news_to_date</item>
            <item name="custom_design_from" xsi:type="string">custom_design_from</item>
            <item name="custom_design_to" xsi:type="string">custom_design_to</item>
        </argument>
    </arguments>
</virtualType>

</config>

