<?xml version="1.0"?>
<config xmlns:xsi="http://www.w3.org/2001/XMLSchema-instance" xsi:noNamespaceSchemaLocation="urn:magento:framework:ObjectManager/etc/config.xsd">
    <preference for="Vibe\Contact\Api\Data\GridInterface" type="Vibe\Contact\Model\Grid" />
    <preference for="Vibe\Contact\Api\ContactusManagementInterface" type="Vibe\Contact\Model\ContactusManagement"/>
    <preference for="Vibe\Contact\Api\Data\CategoryInterface" type="Vibe\Contact\Model\Category" />
<!--    <preference for="Vibe\Contact\Api\CategoryServiceInterface" type="Vibe\Contact\Model\Category"/>-->
    <preference for="Vibe\Contact\Api\CategoryServiceInterface" type="Vibe\Contact\Model\CategoryManagement"/>

    <virtualType name="Vibe\Contact\Model\ResourceModel\Grid\Grid\Collection" type="Magento\Framework\View\Element\UiComponent\DataProvider\SearchResult">
        <arguments>
            <argument name="mainTable" xsi:type="string">otc_contactus</argument>
            <argument name="resourceModel" xsi:type="string">Vibe\Contact\Model\ResourceModel\Grid</argument>
        </arguments>
    </virtualType>
    <type name="Magento\Framework\View\Element\UiComponent\DataProvider\CollectionFactory">
        <arguments>
            <argument name="collections" xsi:type="array">
                <item name="grid_record_grid_list_data_source" xsi:type="string">Vibe\Contact\Model\ResourceModel\Grid\Grid\Collection</item>
            </argument>
        </arguments>
    </type>

    <virtualType name="Vibe\Contact\Model\ResourceModel\Category\Category\Collection" type="Magento\Framework\View\Element\UiComponent\DataProvider\SearchResult">
        <arguments>
            <argument name="mainTable" xsi:type="string">otc_contact_category</argument>
            <argument name="resourceModel" xsi:type="string">Vibe\Contact\Model\ResourceModel\Category</argument>
        </arguments>
    </virtualType>
    <type name="Magento\Framework\View\Element\UiComponent\DataProvider\CollectionFactory">
        <arguments>
            <argument name="collections" xsi:type="array">
                <item name="grid_record_category_list_data_source" xsi:type="string">Vibe\Contact\Model\ResourceModel\Category\Category\Collection</item>
            </argument>
        </arguments>
    </type>

    <type name="Vibe\Contact\Logger\Handler">
        <arguments>
            <argument name="filesystem" xsi:type="object">Magento\Framework\Filesystem\Driver\File</argument>
        </arguments>
    </type>
    <type name="Vibe\Contact\Logger\Logger">
        <arguments>
            <argument name="name" xsi:type="string">customLogHandler</argument>
            <argument name="handlers"  xsi:type="array">
                <item name="system" xsi:type="object">Vibe\Contact\Logger\Handler</item>
            </argument>
        </arguments>
    </type>
</config>
