<?xml version="1.0" ?>
<routes xmlns:xsi="http://www.w3.org/2001/XMLSchema-instance" xsi:noNamespaceSchemaLocation="urn:magento:module:Magento_Webapi:etc/webapi.xsd">
    <route url="/V1/contact/category/" method="GET">
        <service class="Vibe\Contact\Api\CategoryServiceInterface" method="getCategories"/>
        <resources>
            <resource ref="self"/>
        </resources>
    </route>
    <route url="/V1/contactus" method="POST">
        <service class="Vibe\Contact\Api\ContactusManagementInterface" method="submitForm"/>
        <resources>
            <resource ref="self"/>
        </resources>
    </route>
</routes>
