<?xml version="1.0"?>

<config xmlns:xsi="http://www.w3.org/2001/XMLSchema-instance"
        xsi:noNamespaceSchemaLocation="urn:magento:framework:ObjectManager/etc/config.xsd">
    <virtualType name="Magento\Sales\Model\ResourceModel\Order\Grid">
        <arguments>
            <argument name="columns" xsi:type="array">
                <item name="otc_marketing_consent" xsi:type="string">sales_order.otc_marketing_consent</item>
            </argument>
        </arguments>
    </virtualType>

    <type name="Magento\Checkout\Api\GuestPaymentInformationManagementInterface">
        <plugin name="vibe_otc_orderinfo" type="Vibe\OrderAttributes\Plugin\Checkout\PaymentInformationManagementPlugin" sortOrder="10"/>
    </type>
    <type name="Magento\Sales\Api\OrderRepositoryInterface">
        <plugin name="vibe_otc_setorderinfo"
                type="Vibe\OrderAttributes\Plugin\Order\OrderRepositoryPlugin" />
    </type>
</config>

