{
    "otc_bannerslider_group": {
        "column": {
            "group_id": true,
            "group_name": true,
            "identifier": true,
            "slide_width": true,
            "slide_height": true,
            "created_time": true,
            "update_time": true
        },
        "constraint": {
            "PRIMARY": true
        }
    },
    "otc_bannerslider_slides": {
        "column": {
            "slider_id": true,
            "slide_group": true,
            "store_id": true,
            "slide_bg": true,
            "image": true,
            "imageX2": true,
            "title_color": true,
            "title_bg": true,
            "title_hover_color": true,
            "title_hover_bg": true,
            "title_position": true,
            "title": true,
            "link_color": true,
            "link_bg": true,
            "link_text": true,
            "link_href": true,
            "status": true,
            "sort_order": true,
            "created_time": true,
            "update_time": true
        },
        "constraint": {
            "PRIMARY": true
        }
    }
}