<?xml version="1.0" ?>
<config xmlns:xsi="http://www.w3.org/2001/XMLSchema-instance" xsi:noNamespaceSchemaLocation="urn:magento:framework:Acl/etc/acl.xsd">
    <acl>
        <resources>
            <resource id="Magento_Backend::admin">
                <resource id="Vibe_CmsImportExport::import" title="import" sortOrder="10">
                    <resource id="Vibe_CmsImportExport::index" title="Cms Import Export" sortOrder="10"/>
                </resource>
            </resource>
        </resources>
    </acl>
</config>
