<?xml version="1.0" ?>
<config xmlns:xsi="http://www.w3.org/2001/XMLSchema-instance"
        xsi:noNamespaceSchemaLocation="urn:magento:framework:ObjectManager/etc/config.xsd">
    <type name="Magento\Cms\Model\Wysiwyg\Images\Storage">
        <plugin disabled="false" name="Vibe_CmsImportExport_Plugin_Magento_Cms_Model_Wysiwyg_Images_Storage"
                sortOrder="10" type="Vibe\CmsImportExport\Plugin\Magento\Cms\Model\Wysiwyg\Images\Storage"/>
    </type>
    <type name="Magento\Cms\Model\Wysiwyg\Images\Storage">
        <arguments>
            <argument name="extensions" xsi:type="array">
                <item name="allowed" xsi:type="array">
                    <item name="pdf" xsi:type="string">application/pdf</item>
                    <item name="doc" xsi:type="string">application/msword</item>
                    <item name="csv" xsi:type="string">text/plain</item>
                </item>
                <item name="image_allowed" xsi:type="array">
                    <item name="pdf" xsi:type="string">application/pdf</item>
                    <item name="doc" xsi:type="string">application/msword</item>
                    <item name="csv" xsi:type="string">text/plain</item>
                </item>
            </argument>
        </arguments>
    </type>
</config>
