<?xml version="1.0"?>
<!--
/**
 * Copyright © Gorilla Group, Inc. All rights reserved.
 * See COPYING.txt for license details.
 */
-->
<config xmlns:xsi="http://www.w3.org/2001/XMLSchema-instance" xsi:noNamespaceSchemaLocation="urn:magento:module:Magento_Config:etc/system_file.xsd">
    <system>
        <tab id="vibe" translate="label" sortOrder="100">
            <label>Vibe</label>
        </tab>
        <section id="vibe_url" translate="label" type="text" sortOrder="150" showInDefault="1" showInWebsite="1" showInStore="1">
            <label>Stripe Url</label>
            <tab>vibe</tab>
            <resource>Vibe_StripeOrder::config</resource>
            <group id="config_url" translate="label" type="text" sortOrder="1" showInDefault="1" showInWebsite="1" showInStore="1">
                <label>Backend Settings</label>
                <field id="stripe_success_url" translate="label comment" type="text" sortOrder="20" showInDefault="1" showInWebsite="1" showInStore="1">
                    <label>Stripe Success URL</label>
                </field>
                <field id="stripe_cancel_url" translate="label comment" type="text" sortOrder="20" showInDefault="1" showInWebsite="1" showInStore="1">
                    <label>Stripe Failure URL</label>
                </field>
            </group>
        </section>
    </system>
</config>

