<?xml version="1.0"?>
<!--
/**
 * Copyright © Magento, Inc. All rights reserved.
 * See COPYING.txt for license details.
 */
-->
<config xmlns:xsi="http://www.w3.org/2001/XMLSchema-instance" xsi:noNamespaceSchemaLocation="urn:magento:framework:Acl/etc/acl.xsd">
    <acl>
        <resources>
            <resource id="Magento_Backend::admin">
                <resource id="Magento_Backend::content">
                    <resource id="Magento_Backend::content_elements">
                        <resource id="Vibe_Blog::page" title="Pages" translate="title" sortOrder="10">
                            <resource id="Vibe_Blog::save" title="Save Blog" translate="title" sortOrder="10">
                                <resource id="Vibe_Blog::save_design" title="Edit Page Design" translate="title" />
                            </resource>
                            <resource id="Vibe_Blog::page_delete" title="Delete Blog" translate="title" sortOrder="20" />
                        </resource>
                    </resource>
                </resource>
            </resource>
        </resources>
    </acl>
</config>
