{
    "blog_post": {
        "column": {
            "blog_id": true,
            "title": true,
            "blog_layout": true,
            "meta_keywords": true,
            "meta_description": true,
            "short_description": true,
            "featured_image": true,
            "identifier": true,
            "content_heading": true,
            "content": true,
            "creation_time": true,
            "update_time": true,
            "is_active": true,
            "sort_order": true,
            "layout_update_xml": true,
            "custom_theme": true,
            "custom_root_template": true,
            "custom_layout_update_xml": true,
            "custom_theme_from": true,
            "custom_theme_to": true,
            "meta_title": true,
            "layout_update_selected": true,
            "publish_date": true
        },
        "index": {
            "BLOG_IDENTIFIER": true,
            "BLOG_TITLE_META_KEYWORDS_META_DESCRIPTION_IDENTIFIER_CONTENT": true
        },
        "constraint": {
            "PRIMARY": true
        }
    },
    "blog_store": {
        "column": {
            "blog_id": true,
            "store_id": true
        },
        "index": {
            "BLOG_STORE_STORE_ID": true
        },
        "constraint": {
            "PRIMARY": true,
            "BLOG_STORE_BLOG_ID_BLOG_BLOG_ID": true,
            "BLOG_STORE_STORE_ID_STORE_STORE_ID": true
        }
    }
}
