<?xml version="1.0" encoding="UTF-8"?>
<widgets xmlns:xsi="http://www.w3.org/2001/XMLSchema-instance" xsi:noNamespaceSchemaLocation="urn:magento:module:Magento_Widget:etc/widget.xsd">
    <widget id="blog_component_widget" class="Vibe\Blog\Block\Widget\Blog">
        <label translate="true">Blog Component Widget</label>
        <description></description>
        <parameters>
            <parameter name="blog_title" xsi:type="text" required="true" visible="true">
                <label translate="true">Blog Component Title</label>
            </parameter>
            <parameter name="blog_list" xsi:type="multiselect" required="true" visible="true" source_model="Vibe\Blog\Model\Config\Source\BlogListing">
                <label translate="true">List of Blogs</label>
            </parameter>
        </parameters>
    </widget>
</widgets>