<?xml version="1.0"?>
<config xmlns:xsi="http://www.w3.org/2001/XMLSchema-instance" xsi:noNamespaceSchemaLocation="urn:magento:framework:ObjectManager/etc/config.xsd">
    <type name="Magento\Framework\Console\CommandListInterface">
        <arguments>
            <argument name="commands" xsi:type="array">
                <item name="m2_unit_tests_generator" xsi:type="object">Olmer\UnitTestsGenerator\Console\Command\Generate</item>
            </argument>
        </arguments>
    </type>

    <virtualType name="Olmer\UnitTestsGenerator\VirtualType\Io" type="Magento\Framework\Code\Generator\Io">
        <arguments>
            <argument name="generationDirectory" xsi:type="string">app/code</argument>
        </arguments>
    </virtualType>

    <type name="Olmer\UnitTestsGenerator\Code\Generator">
        <arguments>
            <argument name="ioObject" xsi:type="object">Olmer\UnitTestsGenerator\VirtualType\Io</argument>
        </arguments>
    </type>

</config>
