<?xml version="1.0"?>
<config xmlns:xsi="http://www.w3.org/2001/XMLSchema-instance" xsi:noNamespaceSchemaLocation="urn:magento:framework:ObjectManager/etc/config.xsd">
    <preference for="Vibe\Crm\Api\CrmOrderManagementInterface" type="Vibe\Crm\Model\Api\CrmOrderManagement"/>
    <preference for="Vibe\Crm\Api\Data\CrmDataInterface" type="Vibe\Crm\Model\CrmApi" />
    <type name="Vibe\Crm\Logger\Handler">
        <arguments>
            <argument name="filesystem" xsi:type="object">Magento\Framework\Filesystem\Driver\File</argument>
        </arguments>
    </type>
    <type name="Vibe\Crm\Logger\Logger">
        <arguments>
            <argument name="name" xsi:type="string">crm_orders</argument>
            <argument name="handlers"  xsi:type="array">
                <item name="system" xsi:type="object">Vibe\Crm\Logger\Handler</item>
            </argument>
        </arguments>
    </type>
</config>
