<?xml version="1.0" ?>
<config xmlns:xsi="http://www.w3.org/2001/XMLSchema-instance"
        xsi:noNamespaceSchemaLocation="urn:magento:framework:Acl/etc/acl.xsd">
    <acl>
        <resources>
            <resource id="Magento_Backend::admin">
                <resource id="OTC_Core::OTC_Core">
                    <resource id="OTC_EcommSlideshow::ecomslideshow" sortOrder="10" title="EcommSlideshow">
                        <resource id="OTC_EcommSlideshow::Slides_Index" sortOrder="10" title="Slides">
                            <resource id="OTC_EcommSlideshow::Slides_New" sortOrder="10" title="Create New Slide"/>
                            <resource id="OTC_EcommSlideshow::Slides_Edit" sortOrder="20" title="Edit Slide"/>
                            <resource id="OTC_EcommSlideshow::Slides_Delete" sortOrder="30" title="Delete Slide"/>
                        </resource>
                    </resource>
                </resource>
            </resource>
        </resources>
    </acl>
</config>
