{
    "otc_ecommslideshow_slides": {
        "column": {
            "id": true,
            "store_id": true,
            "image": true,
            "title_color": true,
            "title_bg": true,
            "title": true,
            "link_color": true,
            "link_bg": true,
            "link_hover_color": true,
            "link_hover_bg": true,
            "link_text": true,
            "link_href": true,
            "banner_1_img": true,
            "banner_1_imgX2": true,
            "banner_1_href": true,
            "banner_2_img": true,
            "banner_2_imgX2": true,
            "banner_2_href": true,
            "status": true,
            "sort_order": true,
            "created_time": true,
            "update_time": true
        },
        "constraint": {
            "PRIMARY": true
        }
    }
}