<?xml version="1.0" ?>
<config xmlns:xsi="http://www.w3.org/2001/XMLSchema-instance"
        xsi:noNamespaceSchemaLocation="urn:magento:framework:ObjectManager/etc/config.xsd">
    <virtualType name="OTC\EcommSlideshow\Model\ResourceModel\Slides\Grid\Collection"
                 type="Magento\Framework\View\Element\UiComponent\DataProvider\SearchResult">
        <arguments>
            <argument name="mainTable" xsi:type="string">otc_ecommslideshow_slides</argument>
            <argument name="resourceModel" xsi:type="string">OTC\EcommSlideshow\Model\ResourceModel\Slides\Collection
            </argument>
        </arguments>
    </virtualType>
    <type name="Magento\Framework\View\Element\UiComponent\DataProvider\CollectionFactory">
        <arguments>
            <argument name="collections" xsi:type="array">
                <item name="otc_ecommslideshow_slides_listing_data_source" xsi:type="string">
                    OTC\EcommSlideshow\Model\ResourceModel\Slides\Grid\Collection
                </item>
            </argument>
        </arguments>
    </type>
</config>
