<?xml version = "1.0"?>
<csp_whitelist xmlns:xsi="http://www.w3.org/2001/XMLSchema-instance"
               xsi:noNamespaceSchemaLocation="urn:magento:module:Magento_Csp/etc/csp_whitelist.xsd">
    <policies>
        <policy id="script-src">
            <values>
                <value id="vibecsp" type="host">https://magento-sandbox.sivantos.com/</value>
                <value id="vibecpsjs" type="host">https://magento-sandbox.sivantos.com/jquery/jquery.mobile.custom.js</value>
            </values>
        </policy>
    </policies>
</csp_whitelist>