<?xml version="1.0"?>

<config xmlns:xsi="http://www.w3.org/2001/XMLSchema-instance"
        xsi:noNamespaceSchemaLocation="urn:magento:framework:ObjectManager/etc/config.xsd">
    <type name="Magento\Catalog\Block\Product\View\Gallery">
        <plugin name="sp_adaptive_resize_gallery" type="OTC\Ecomm\Plugin\Catalog\Block\Product\View\Gallery"
                sortOrder="1"/>
    </type>
    <type name="Magento\ConfigurableProduct\Helper\Data">
        <plugin name="sp_adaptive_resize_configurable_helper" type="OTC\Ecomm\Plugin\ConfigurableProduct\Helper\Data"
                sortOrder="1"/>
    </type>
    <type name="Magento\Swatches\Helper\Data">
        <plugin disabled="false" sortOrder="10"
                name="OTC_Ecomm_Plugin_Frontend_Magento_Swatches_Helper_Data"
                type="OTC\Ecomm\Plugin\Frontend\Magento\Swatches\Helper\Data"/>
    </type>
    <preference for="Magento\Catalog\Block\Product\View\Details"
                type="OTC\Ecomm\Plugin\Catalog\Block\Product\View\Details"/>
    <type name="Magento\Customer\Model\Account\Redirect">
        <plugin disabled="false"
                name="OTC_Ecomm_Plugin_Frontend_Magento_Customer_Model_Account_Redirect"
                sortOrder="10"
                type="OTC\Ecomm\Plugin\Frontend\Magento\Customer\Model\Account\Redirect"/>
    </type>
    <type name="OTC\Core\Helper\ProductImage">
        <plugin name="OTC_Ecomm_Plugin_Frontend_OTC_Core_Helper_ProductImage"
                type="OTC\Ecomm\Plugin\Frontend\OTC\Core\Helper\ProductImage"
                sortOrder="10"
                disabled="false"/>
    </type>
</config>
