<?xml version="1.0"?>
<!--
/**
 * Copyright © 2021 OTC. All rights reserved.
 *
 */
-->
<config xmlns:xsi="http://www.w3.org/2001/XMLSchema-instance"
        xsi:noNamespaceSchemaLocation="urn:magento:framework:Event/etc/events.xsd">
    <event name="layout_load_before">
        <observer name="sp_move" instance="OTC\Ecomm\Observer\Move" shared="false"/>
        <observer name="sp_addbodyclass" instance="OTC\Ecomm\Observer\AddBodyClass" shared="false"/>
        <observer name="sp_change_layout" instance="OTC\Ecomm\Observer\ChangeLayout" shared="false"/>
    </event>
    <event name="view_block_abstract_to_html_before">
        <observer name="sp_to_html_before" instance="OTC\Ecomm\Observer\BeforeLoadBlock" shared="false"/>
    </event>
    <event name="controller_front_send_response_before">
        <observer name="sp_lazyload" instance="OTC\Ecomm\Observer\LazyLoad" shared="false"/>
        <observer name="sp_deferjs" instance="OTC\Ecomm\Observer\DeferJS" shared="false"/>
    </event>
</config>