<?xml version="1.0"?>
<schema xmlns:xsi="http://www.w3.org/2001/XMLSchema-instance" xsi:noNamespaceSchemaLocation="urn:magento:framework:Setup/Declaration/Schema/etc/schema.xsd">
  <table name="otc_contactus" resource="default">
      <column xsi:type="int" name="id" padding="11" unsigned="false" nullable="false" identity="true"
              comment="Contact ID"/>
      <column xsi:type="varchar" name="firstname" nullable="true" length="75" comment="name"/>
      <column xsi:type="varchar" name="lastname" nullable="true" length="75" comment="name"/>
      <column xsi:type="varchar" name="email" nullable="true" length="75" comment="Email"/>
      <column xsi:type="varchar" name="phone" nullable="true" length="75" comment="Phone"/>
      <column xsi:type="varchar" name="comment" nullable="true" length="255" comment="Comments"/>
      <column xsi:type="varchar" name="category" nullable="true" length="255" comment="Category Contact"/>
      <column xsi:type="varchar" name="privacy" nullable="true" length="75" comment="Privacy Content"/>
      <column xsi:type="varchar" name="store_id" nullable="true" length="75" comment="Store Information"/>
      <column xsi:type="varchar" name="website" nullable="true" length="75" comment="Store Information"/>
      <column xsi:type="datetime" name="created_at" on_update="false" nullable="false" default="CURRENT_TIMESTAMP" comment="Contact Created at"/>
      <column xsi:type="datetime" name="updated_at" on_update="true" nullable="false" default="CURRENT_TIMESTAMP" comment="Serial Number Updated at"/>
      <constraint xsi:type="primary" referenceId="PRIMARY">
          <column name="id"/>
      </constraint>
  </table>

    <table name="otc_contact_category" resource="default">
        <column xsi:type="int" name="id" padding="11" unsigned="false" nullable="false" identity="true"
                comment="Contact ID"/>
        <column xsi:type="varchar" name="category" nullable="true" length="75" comment="name"/>
        <column xsi:type="int" name="sortorder" nullable="true" comment="SortOrder"/>
        <column xsi:type="varchar" name="store_id" nullable="true" length="75" comment="Store Information"/>
        <column xsi:type="datetime" name="created_at" on_update="false" nullable="false" default="CURRENT_TIMESTAMP" comment="CategoryCreated at"/>
        <column xsi:type="datetime" name="updated_at" on_update="true" nullable="false" default="CURRENT_TIMESTAMP" comment="Category Updated at"/>
        <column xsi:type="varchar" name="status" nullable="true" length="75" comment="Status Information"/>
        <constraint xsi:type="primary" referenceId="PRIMARY">
            <column name="id"/>
        </constraint>
    </table>

</schema>
