{
    "otc_contactus": {
        "column": {
            "id": true,
            "firstname": true,
            "lastname": true,
            "email": true,
            "phone": true,
            "comment": true,
            "category": true,
            "privacy": true,
            "store_id": true,
            "website": true,
            "created_at": true,
            "updated_at": true
        }
    },

    "otc_contact_category": {
      "column": {
        "id": true,
        "category": true,
        "store_id": true,
        "status": true,
        "sortorder": true,
        "created_at": true,
        "updated_at": true
      }
    }
}
