<?xml version="1.0"?>
<config xmlns:xsi="http://www.w3.org/2001/XMLSchema-instance" xsi:noNamespaceSchemaLocation="urn:magento:framework:ObjectManager/etc/config.xsd">
    <type name="OTC\MegaMenu\Block\Html\Megamenu">
        <plugin name="vibe_mega_menu_plugin" type="Vibe\VibeMegaMenu\Plugin\Block\Html\Megamenu" sortOrder="10" />
    </type>

<!--    <preference for="Magento\Cms\Model\ResourceModel\AbstractCollection" type="Vibe\VibeMegaMenu\Model\ResourceModel\AbstractCollection" />-->

    <preference for="Magento\Cms\Model\ResourceModel\Page\Grid\Collection" type="Vibe\VibeMegaMenu\Model\ResourceModel\Page\Grid\Collection" />
    <preference for="Magento\Cms\Model\ResourceModel\Page\Collection" type="Vibe\VibeMegaMenu\Model\ResourceModel\Page\Collection" />
    <preference for="Magento\Cms\Model\ResourceModel\Block\Grid\Collection" type="Vibe\VibeMegaMenu\Model\ResourceModel\Block\Grid\Collection" />
    <preference for="Magento\Cms\Model\ResourceModel\Block\Collection" type="Vibe\VibeMegaMenu\Model\ResourceModel\Block\Collection" />
</config>