<?xml version="1.0"?>
<config xmlns:xsi="http://www.w3.org/2001/XMLSchema-instance" xsi:noNamespaceSchemaLocation="urn:magento:framework:ObjectManager/etc/config.xsd">
    <preference for="StripeIntegration\Payments\Helper\CheckoutSession" type="Vibe\StripeOrder\Helper\Rewrite\CheckoutSession"/>
    <preference for="StripeIntegration\Payments\Model\StripeCustomer" type="Vibe\StripeOrder\Model\Payments\StripeCustomer"/>
    <preference for="Vibe\StripeOrder\Api\OrderInterface" type="Vibe\StripeOrder\Model\Api\PaymentInformation"/>
    <type name="Vibe\StripeOrder\Logger\Handler">
        <arguments>
            <argument name="filesystem" xsi:type="object">Magento\Framework\Filesystem\Driver\File</argument>
        </arguments>
    </type>
    <type name="Vibe\StripeOrder\Logger\Logger">
        <arguments>
            <argument name="name" xsi:type="string">stripe_payment</argument>
            <argument name="handlers"  xsi:type="array">
                <item name="system" xsi:type="object">Vibe\StripeOrder\Logger\Handler</item>
            </argument>
        </arguments>
    </type>
</config>
