<schema xmlns:xsi="http://www.w3.org/2001/XMLSchema-instance"
        xsi:noNamespaceSchemaLocation="urn:magento:framework:Setup/Declaration/Schema/etc/schema.xsd">
    <table name="otc_bannerslider_group">
        <column xsi:type="int" name="group_id" unsigned="true" nullable="false" identity="true" comment="Group Id"/>
        <column xsi:type="varchar" name="group_name" nullable="false" comment="Group Name" length="255"/>
        <column xsi:type="varchar" name="identifier" nullable="false" comment="Identifier" length="255"/>
        <column xsi:type="smallint" name="slide_width" nullable="false" comment="Slide Width" padding="6"/>
        <column xsi:type="smallint" name="slide_height" nullable="false" comment="Slide Width" padding="6"/>
        <column name="created_time" nullable="false" xsi:type="datetime" comment="Created At"
                default="CURRENT_TIMESTAMP" on_update="false"/>
        <column name="update_time" nullable="false" xsi:type="datetime" comment="Updated At" default="CURRENT_TIMESTAMP"
                on_update="true"/>
        <constraint xsi:type="primary" referenceId="PRIMARY">
            <column name="group_id"/>
        </constraint>
    </table>
    <table name="otc_bannerslider_slides">
        <column xsi:type="int" name="slider_id" unsigned="true" nullable="false" identity="true" comment="Group Id"/>
        <column xsi:type="int" name="slide_group" unsigned="true" nullable="true" comment="Slider Group"/>
        <column xsi:type="varchar" name="store_id" nullable="false" comment="Store ID" length="255"/>
        <column xsi:type="varchar" name="slide_bg" nullable="false" comment="slide bg" length="255"/>
        <column xsi:type="varchar" name="image" nullable="false" comment="image" length="255"/>
        <column xsi:type="varchar" name="imageX2" nullable="false" comment="imageX2" length="255"/>
        <column xsi:type="varchar" name="title_color" nullable="false" length="255" comment="title color"/>
        <column xsi:type="varchar" name="title_bg" nullable="false" length="255" comment="title bg"/>
        <column xsi:type="varchar" name="title_hover_color" nullable="false" length="255" comment="title hover color"/>
        <column xsi:type="varchar" name="title_hover_bg" nullable="false" length="255" comment="title hover bg"/>
        <column xsi:type="varchar" name="title_position" nullable="false" length="255" comment="title position"/>
        <column xsi:type="varchar" name="title" nullable="false" length="255" comment="title"/>
        <column xsi:type="varchar" name="link_color" nullable="false" length="255" comment="link color"/>
        <column xsi:type="varchar" name="link_bg" nullable="false" length="255" comment="link bg"/>
        <column xsi:type="varchar" name="link_text" nullable="false" length="255" comment="link text"/>
        <column xsi:type="varchar" name="link_href" nullable="false" length="255" comment="link_ href"/>
        <column xsi:type="smallint" name="status" nullable="false" default="0" comment="status" padding="6"/>
        <column xsi:type="smallint" name="sort_order" nullable="false" default="0" comment="sort order" padding="6"/>
        <column xsi:type="datetime" name="created_time" nullable="true" comment="Created At"
                default="CURRENT_TIMESTAMP" on_update="false"/>
        <column xsi:type="datetime" name="update_time" nullable="true" comment="Updated At" default="CURRENT_TIMESTAMP"
                on_update="true"/>
        <constraint xsi:type="primary" referenceId="PRIMARY">
            <column name="slider_id"/>
        </constraint>
    </table>
</schema>
