<?xml version="1.0"?>
<!--
/**
 * Copyright © Magento, Inc. All rights reserved.
 * See COPYING.txt for license details.
 */
-->
<config xmlns:xsi="http://www.w3.org/2001/XMLSchema-instance" xsi:noNamespaceSchemaLocation="urn:magento:framework:ObjectManager/etc/config.xsd">
    <preference for="Magento\Ui\Component\Wysiwyg\ConfigInterface" type="Vibe\Blog\Model\Wysiwyg\Config"/>
    <preference for="Vibe\Blog\Api\Data\PageInterface" type="Vibe\Blog\Model\Page" />

    <virtualType name="FeaturedImage" type="Vibe\Blog\Model\ImageUploader">
        <arguments>
            <argument name="baseTmpPath" xsi:type="string">blog/image</argument>
            <argument name="basePath" xsi:type="string">blog/image</argument>
            <argument name="allowedExtensions" xsi:type="array">
                <item name="jpg" xsi:type="string">jpg</item>
                <item name="jpeg" xsi:type="string">jpeg</item>
                <item name="gif" xsi:type="string">gif</item>
                <item name="png" xsi:type="string">png</item>
            </argument>
        </arguments>
    </virtualType>
    <type name="Vibe\Blog\Controller\Adminhtml\Page\Upload">
        <arguments>
            <argument name="imageUploader" xsi:type="object">FeaturedImage</argument>
        </arguments>
    </type>

    <type name="Magento\Framework\EntityManager\MetadataPool">
        <arguments>
            <argument name="metadata" xsi:type="array">
                <item name="Vibe\Blog\Api\Data\PageInterface" xsi:type="array">
                    <item name="entityTableName" xsi:type="string">blog_page</item>
                    <item name="identifierField" xsi:type="string">blog_id</item>
                </item>
            </argument>
        </arguments>
    </type>

    <type name="Magento\Framework\EntityManager\Operation\ExtensionPool">
        <arguments>
            <argument name="extensionActions" xsi:type="array">
                <item name="Vibe\Blog\Api\Data\PageInterface" xsi:type="array">
                    <item name="read" xsi:type="array">
                        <item name="storeReader" xsi:type="string">Vibe\Blog\Model\ResourceModel\Page\Relation\Store\ReadHandler</item>
                    </item>
                    <item name="create" xsi:type="array">
                        <item name="storeCreator" xsi:type="string">Vibe\Blog\Model\ResourceModel\Page\Relation\Store\SaveHandler</item>
                    </item>
                    <item name="update" xsi:type="array">
                        <item name="storeUpdater" xsi:type="string">Vibe\Blog\Model\ResourceModel\Page\Relation\Store\SaveHandler</item>
                    </item>
                </item>
            </argument>
        </arguments>
    </type>

    <type name="Magento\Framework\EntityManager\HydratorPool">
        <arguments>
            <argument name="hydrators" xsi:type="array">
                <item name="Vibe\Blog\Api\Data\PageInterface" xsi:type="string">Magento\Framework\EntityManager\AbstractModelHydrator</item>
            </argument>
        </arguments>
    </type>

    <preference for="Vibe\Blog\Model\Page\CustomLayoutManagerInterface" type="Vibe\Blog\Model\Page\CustomLayout\CustomLayoutManager" />
    <type name="Vibe\Blog\Model\Page\CustomLayout\CustomLayoutManager">
        <arguments>
            <argument name="themeFactory" xsi:type="object">Magento\Framework\View\Design\Theme\FlyweightFactory\Proxy</argument>
        </arguments>
    </type>
    <preference for="Vibe\Blog\Model\Page\CustomLayoutRepositoryInterface" type="Vibe\Blog\Model\Page\CustomLayout\CustomLayoutRepository" />

    <type name="Vibe\Blog\Model\Wysiwyg\Config">
        <arguments>
            <argument name="windowSize" xsi:type="array">
                <item name="height" xsi:type="number">600</item>
                <item name="width" xsi:type="number">1000</item>
            </argument>
        </arguments>
    </type>
    <type name="Vibe\Blog\Model\Wysiwyg\Images\Storage">
        <arguments>
            <argument name="resizeParameters" xsi:type="array">
                <item name="height" xsi:type="number">75</item>
                <item name="width" xsi:type="number">100</item>
            </argument>
            <argument name="extensions" xsi:type="array">
                <item name="allowed" xsi:type="array">
                    <item name="jpg" xsi:type="string">image/jpg</item>
                    <item name="jpeg" xsi:type="string">image/jpeg</item>
                    <item name="png" xsi:type="string">image/png</item>
                    <item name="gif" xsi:type="string">image/gif</item>
                </item>
                <item name="image_allowed" xsi:type="array">
                    <item name="jpg" xsi:type="string">image/jpg</item>
                    <item name="jpeg" xsi:type="string">image/jpeg</item>
                    <item name="png" xsi:type="string">image/png</item>
                    <item name="gif" xsi:type="string">image/gif</item>
                </item>
                <item name="media_allowed" xsi:type="array">
                    <item name="flv" xsi:type="string">video/x-flv</item>
                    <item name="avi" xsi:type="string">video/x-msvideo</item>
                    <item name="mov" xsi:type="string">video/x-sgi-movie</item>
                    <item name="rm" xsi:type="string">application/vnd.rn-realmedia</item>
                    <item name="wmv" xsi:type="string">video/x-ms-wmv</item>
                </item>
            </argument>
            <argument name="dirs" xsi:type="array">
                <item name="exclude" xsi:type="array">
                    <item name="captcha" xsi:type="array">
                        <item name="regexp" xsi:type="boolean">true</item>
                        <item name="name" xsi:type="string">media[/\\]+captcha[/\\]*$</item>
                    </item>
                    <item name="catalog/product" xsi:type="array">
                        <item name="regexp" xsi:type="boolean">true</item>
                        <item name="name" xsi:type="string">media[/\\]+catalog[/\\]+product[/\\]*$</item>
                    </item>
                    <item name="customer" xsi:type="array">
                        <item name="regexp" xsi:type="boolean">true</item>
                        <item name="name" xsi:type="string">media[/\\]+customer[/\\]*$</item>
                    </item>
                    <item name="downloadable" xsi:type="array">
                        <item name="regexp" xsi:type="boolean">true</item>
                        <item name="name" xsi:type="string">media[/\\]+downloadable[/\\]*$</item>
                    </item>
                    <item name="import" xsi:type="array">
                        <item name="regexp" xsi:type="boolean">true</item>
                        <item name="name" xsi:type="string">media[/\\]+import[/\\]*$</item>
                    </item>
                    <item name="theme" xsi:type="array">
                        <item name="regexp" xsi:type="boolean">true</item>
                        <item name="name" xsi:type="string">media[/\\]+theme[/\\]*$</item>
                    </item>
                    <item name="theme_customization" xsi:type="array">
                        <item name="regexp" xsi:type="boolean">true</item>
                        <item name="name" xsi:type="string">media[/\\]+theme_customization[/\\]*$</item>
                    </item>
                    <item name="tmp" xsi:type="array">
                        <item name="regexp" xsi:type="boolean">true</item>
                        <item name="name" xsi:type="string">media[/\\]+tmp[/\\]*$</item>
                    </item>
                </item>
                <item name="include" xsi:type="array"/>
            </argument>
        </arguments>
    </type>
    <type name="Vibe\Blog\Model\Wysiwyg\Validator">
        <arguments>
            <argument name="validator" xsi:type="object">DefaultWYSIWYGValidator</argument>
        </arguments>
    </type>
    <preference for="Magento\Framework\Validator\HTML\WYSIWYGValidatorInterface" type="Vibe\Blog\Model\Wysiwyg\Validator" />
    <virtualType name="Vibe\Blog\Model\ResourceModel\Page\Grid\Collection">
        <arguments>
            <argument name="mainTable" xsi:type="string">blog_page</argument>
            <argument name="resourceModel" xsi:type="string">Vibe\Blog\Model\ResourceModel\Page</argument>
        </arguments>
    </virtualType>
    <type name="Magento\Framework\View\Element\UiComponent\DataProvider\CollectionFactory">
        <arguments>
            <argument name="collections" xsi:type="array">
                <item name="blog_listing_data_source" xsi:type="string">Vibe\Blog\Model\ResourceModel\Page\Grid\Collection</item>
            </argument>
        </arguments>
    </type>

    <type name="Vibe\Blog\Model\ResourceModel\Page\Grid\Collection">
        <arguments>
            <argument name="mainTable" xsi:type="string">blog_page</argument>
            <argument name="eventPrefix" xsi:type="string">blog_page_grid_collection</argument>
            <argument name="eventObject" xsi:type="string">blog_grid_collection</argument>
            <argument name="resourceModel" xsi:type="string">Vibe\Blog\Model\ResourceModel\Page</argument>
        </arguments>
    </type>

    <type name="Vibe\Blog\Ui\Component\DataProvider">
        <arguments>
            <argument name="additionalFilterPool" xsi:type="array">
                <item name="fulltext" xsi:type="object">Vibe\Blog\Ui\Component\Page\FulltextFilter</item>
            </argument>
        </arguments>
    </type>
    <virtualType name="DefaultWYSIWYGValidator" type="Magento\Framework\Validator\HTML\ConfigurableWYSIWYGValidator">
        <arguments>
            <argument name="allowedTags" xsi:type="array">
                <item name="div" xsi:type="string">div</item>
                <item name="a" xsi:type="string">a</item>
                <item name="p" xsi:type="string">p</item>
                <item name="span" xsi:type="string">span</item>
                <item name="em" xsi:type="string">em</item>
                <item name="strong" xsi:type="string">strong</item>
                <item name="ul" xsi:type="string">ul</item>
                <item name="li" xsi:type="string">li</item>
                <item name="ol" xsi:type="string">ol</item>
                <item name="h5" xsi:type="string">h5</item>
                <item name="h4" xsi:type="string">h4</item>
                <item name="h3" xsi:type="string">h3</item>
                <item name="h2" xsi:type="string">h2</item>
                <item name="h1" xsi:type="string">h1</item>
                <item name="table" xsi:type="string">table</item>
                <item name="tbody" xsi:type="string">tbody</item>
                <item name="tr" xsi:type="string">tr</item>
                <item name="td" xsi:type="string">td</item>
                <item name="th" xsi:type="string">th</item>
                <item name="tfoot" xsi:type="string">tfoot</item>
                <item name="img" xsi:type="string">img</item>
                <item name="hr" xsi:type="string">hr</item>
                <item name="figure" xsi:type="string">figure</item>
                <item name="button" xsi:type="string">button</item>
                <item name="i" xsi:type="string">i</item>
                <item name="u" xsi:type="string">u</item>
                <item name="br" xsi:type="string">br</item>
                <item name="b" xsi:type="string">b</item>
            </argument>
            <argument name="allowedAttributes" xsi:type="array">
                <item name="class" xsi:type="string">class</item>
                <item name="width" xsi:type="string">width</item>
                <item name="height" xsi:type="string">height</item>
                <item name="style" xsi:type="string">style</item>
                <item name="alt" xsi:type="string">alt</item>
                <item name="title" xsi:type="string">title</item>
                <item name="border" xsi:type="string">border</item>
                <item name="id" xsi:type="string">id</item>
            </argument>
            <argument name="attributesAllowedByTags" xsi:type="array">
                <item name="a" xsi:type="array">
                    <item name="href" xsi:type="string">href</item>
                </item>
                <item name="img" xsi:type="array">
                    <item name="src" xsi:type="string">src</item>
                </item>
                <item name="button" xsi:type="array">
                    <item name="type" xsi:type="string">type</item>
                </item>
            </argument>
            <argument name="attributeValidators" xsi:type="array">
                <item name="style" xsi:type="object">Magento\Framework\Validator\HTML\StyleAttributeValidator</item>
            </argument>
        </arguments>
    </virtualType>
</config>
